
-- Insert Programs
INSERT INTO program (id, name, code) VALUES
('550e8400-e29b-41d4-a716-446655440001', 'Computer Science', 'CS'),
('550e8400-e29b-41d4-a716-446655440002', 'Information Technology', 'IT'),
('550e8400-e29b-41d4-a716-446655440003', 'Software Engineering', 'SE');

-- Insert Classes
INSERT INTO class (id, name, program_id) VALUES
('660e8400-e29b-41d4-a716-446655440001', 'Level 200 A', '550e8400-e29b-41d4-a716-446655440001'),
('660e8400-e29b-41d4-a716-446655440002', 'Level 200 B', '550e8400-e29b-41d4-a716-446655440001'),
('660e8400-e29b-41d4-a716-446655440003', 'Level 300 A', '550e8400-e29b-41d4-a716-446655440002'),
('660e8400-e29b-41d4-a716-446655440004', 'Level 400 A', '550e8400-e29b-41d4-a716-446655440003');

-- Insert Students
INSERT INTO student (id, student_number, index_number, full_name, class_id, program_id) VALUES
('770e8400-e29b-41d4-a716-446655440001', '2022020001', 'CS/22/001', 'John Doe', '660e8400-e29b-41d4-a716-446655440001', '550e8400-e29b-41d4-a716-446655440001'),
('770e8400-e29b-41d4-a716-446655440002', '2022020002', 'CS/22/002', 'Jane Smith', '660e8400-e29b-41d4-a716-446655440001', '550e8400-e29b-41d4-a716-446655440001'),
('770e8400-e29b-41d4-a716-446655440003', '2022020003', 'CS/22/003', 'Michael Johnson', '660e8400-e29b-41d4-a716-446655440002', '550e8400-e29b-41d4-a716-446655440001'),
('770e8400-e29b-41d4-a716-446655440004', '2021030001', 'IT/21/001', 'Sarah Williams', '660e8400-e29b-41d4-a716-446655440003', '550e8400-e29b-41d4-a716-446655440002'),
('770e8400-e29b-41d4-a716-446655440005', '2021030002', 'IT/21/002', 'David Brown', '660e8400-e29b-41d4-a716-446655440003', '550e8400-e29b-41d4-a716-446655440002'),
('770e8400-e29b-41d4-a716-446655440006', '2020040001', 'SE/20/001', 'Emily Davis', '660e8400-e29b-41d4-a716-446655440004', '550e8400-e29b-41d4-a716-446655440003'),
('770e8400-e29b-41d4-a716-446655440007', '2022020004', 'CS/22/004', 'Robert Wilson', '660e8400-e29b-41d4-a716-446655440001', '550e8400-e29b-41d4-a716-446655440001'),
('770e8400-e29b-41d4-a716-446655440008', '2022020005', 'CS/22/005', 'Lisa Garcia', '660e8400-e29b-41d4-a716-446655440002', '550e8400-e29b-41d4-a716-446655440001');

-- Insert Courses
INSERT INTO course (id, name, code, program_id) VALUES
('880e8400-e29b-41d4-a716-446655440001', 'Data Structures and Algorithms', 'CS201', '550e8400-e29b-41d4-a716-446655440001'),
('880e8400-e29b-41d4-a716-446655440002', 'Database Systems', 'CS301', '550e8400-e29b-41d4-a716-446655440001'),
('880e8400-e29b-41d4-a716-446655440003', 'Network Administration', 'IT201', '550e8400-e29b-41d4-a716-446655440002'),
('880e8400-e29b-41d4-a716-446655440004', 'Software Engineering Principles', 'SE401', '550e8400-e29b-41d4-a716-446655440003'),
('880e8400-e29b-41d4-a716-446655440005', 'Operating Systems', 'CS302', '550e8400-e29b-41d4-a716-446655440001');

-- Insert Exam Rooms
INSERT INTO exam_room (id, name, capacity, invigilator_id) VALUES
('990e8400-e29b-41d4-a716-446655440001', 'Room A101', 50, '8bc74f72-3bc7-4d0e-a17a-f840c2bda1b0'),
('990e8400-e29b-41d4-a716-446655440002', 'Room B201', 40, '50ced161-80ea-403d-acfa-f1be703d1398'),
('990e8400-e29b-41d4-a716-446655440003', 'Room C301', 35, '1535c6b1-f004-471e-9759-2e2d01d6683f'),
('990e8400-e29b-41d4-a716-446655440004', 'Room D102', 45, '8bc74f72-3bc7-4d0e-a17a-f840c2bda1b0');

-- Insert Exam Sessions (today's date and some future dates)
INSERT INTO exam_session (id, course_id, exam_date, start_time, end_time, semester, academic_year, created_by) VALUES
('aa0e8400-e29b-41d4-a716-446655440001', '880e8400-e29b-41d4-a716-446655440001', CURRENT_DATE, '09:00:00', '12:00:00', 'First', '2024/2025', '8bc74f72-3bc7-4d0e-a17a-f840c2bda1b0'),
('aa0e8400-e29b-41d4-a716-446655440002', '880e8400-e29b-41d4-a716-446655440002', CURRENT_DATE, '14:00:00', '17:00:00', 'First', '2024/2025', '50ced161-80ea-403d-acfa-f1be703d1398'),
('aa0e8400-e29b-41d4-a716-446655440003', '880e8400-e29b-41d4-a716-446655440003', CURRENT_DATE + INTERVAL '1 day', '10:00:00', '13:00:00', 'First', '2024/2025', '1535c6b1-f004-471e-9759-2e2d01d6683f'),
('aa0e8400-e29b-41d4-a716-446655440004', '880e8400-e29b-41d4-a716-446655440004', CURRENT_DATE + INTERVAL '2 days', '08:00:00', '11:00:00', 'First', '2024/2025', '8bc74f72-3bc7-4d0e-a17a-f840c2bda1b0'),
('aa0e8400-e29b-41d4-a716-446655440005', '880e8400-e29b-41d4-a716-446655440005', CURRENT_DATE, '15:30:00', '18:30:00', 'First', '2024/2025', '50ced161-80ea-403d-acfa-f1be703d1398');

-- Insert Exam Allocations
INSERT INTO exam_allocation (id, exam_session_id, exam_room_id, student_id, seat_number, has_checked_in, check_in_time, verified_by, fingerprint_matched) VALUES
-- Today's Data Structures exam (Room A101)
('bb0e8400-e29b-41d4-a716-446655440001', 'aa0e8400-e29b-41d4-a716-446655440001', '990e8400-e29b-41d4-a716-446655440001', '770e8400-e29b-41d4-a716-446655440001', 'A01', true, CURRENT_TIMESTAMP - INTERVAL '2 hours', '8bc74f72-3bc7-4d0e-a17a-f840c2bda1b0', true),
('bb0e8400-e29b-41d4-a716-446655440002', 'aa0e8400-e29b-41d4-a716-446655440001', '990e8400-e29b-41d4-a716-446655440001', '770e8400-e29b-41d4-a716-446655440002', 'A02', true, CURRENT_TIMESTAMP - INTERVAL '2 hours', '8bc74f72-3bc7-4d0e-a17a-f840c2bda1b0', false),
('bb0e8400-e29b-41d4-a716-446655440003', 'aa0e8400-e29b-41d4-a716-446655440001', '990e8400-e29b-41d4-a716-446655440001', '770e8400-e29b-41d4-a716-446655440003', 'A03', false, NULL, NULL, false),
('bb0e8400-e29b-41d4-a716-446655440004', 'aa0e8400-e29b-41d4-a716-446655440001', '990e8400-e29b-41d4-a716-446655440001', '770e8400-e29b-41d4-a716-446655440007', 'A04', false, NULL, NULL, false),

-- Today's Database Systems exam (Room B201)
('bb0e8400-e29b-41d4-a716-446655440005', 'aa0e8400-e29b-41d4-a716-446655440002', '990e8400-e29b-41d4-a716-446655440002', '770e8400-e29b-41d4-a716-446655440001', 'B01', false, NULL, NULL, false),
('bb0e8400-e29b-41d4-a716-446655440006', 'aa0e8400-e29b-41d4-a716-446655440002', '990e8400-e29b-41d4-a716-446655440002', '770e8400-e29b-41d4-a716-446655440002', 'B02', false, NULL, NULL, false),
('bb0e8400-e29b-41d4-a716-446655440007', 'aa0e8400-e29b-41d4-a716-446655440002', '990e8400-e29b-41d4-a716-446655440002', '770e8400-e29b-41d4-a716-446655440008', 'B03', false, NULL, NULL, false),

-- Today's Operating Systems exam (Room D102)
('bb0e8400-e29b-41d4-a716-446655440008', 'aa0e8400-e29b-41d4-a716-446655440005', '990e8400-e29b-41d4-a716-446655440004', '770e8400-e29b-41d4-a716-446655440003', 'D01', false, NULL, NULL, false),
('bb0e8400-e29b-41d4-a716-446655440009', 'aa0e8400-e29b-41d4-a716-446655440005', '990e8400-e29b-41d4-a716-446655440004', '770e8400-e29b-41d4-a716-446655440007', 'D02', false, NULL, NULL, false),

-- Future exams (Network Administration)
('bb0e8400-e29b-41d4-a716-446655440010', 'aa0e8400-e29b-41d4-a716-446655440003', '990e8400-e29b-41d4-a716-446655440003', '770e8400-e29b-41d4-a716-446655440004', 'C01', false, NULL, NULL, false),
('bb0e8400-e29b-41d4-a716-446655440011', 'aa0e8400-e29b-41d4-a716-446655440003', '990e8400-e29b-41d4-a716-446655440003', '770e8400-e29b-41d4-a716-446655440005', 'C02', false, NULL, NULL, false),

-- Future exams (Software Engineering)
('bb0e8400-e29b-41d4-a716-446655440012', 'aa0e8400-e29b-41d4-a716-446655440004', '990e8400-e29b-41d4-a716-446655440001', '770e8400-e29b-41d4-a716-446655440006', 'A10', false, NULL, NULL, false);